Model,Accuracy,Profit
baseline,0.3582938388625592,-4895.829999999982
odds,0.20900473933649288,-5946.889999999992
ELO-model-1,0.5052631578947369,-130.80000000000004
ELO-model-2,0.5105263157894737,-68.3
optimized-ELO-model,0.5631578947368421,528.9000000000001
nn_cls,0.531578947368421,7289.500000000002
nn_regr,0.48157894736842105,5872.700000000003
RandomForestRegressor,0.5394736842105263,7147.9000000000015
RandomForestRegressor (no draws),0.8,8111.6
