Model,Accuracy,Profit
baseline,0.3582938388625592,-4895.829999999982
odds,0.20900473933649288,-5946.889999999992
ELO-model-1,0.5105263157894737,-9.700000000000003
ELO-model-2,0.5157894736842106,89.90000000000005
optimized-ELO-model,0.5421052631578948,283.6000000000002
